{"cameraMode":{"drawMode":0,"name":"Shaded","section":"Shading Mode"},"sceneLighting":false,"audioPlay":false,"sceneViewState":{"m_AlwaysRefresh":false,"showFog":true,"showSkybox":false,"showFlares":true,"showImageEffects":true,"showParticleSystems":true,"showVisualEffectGraphs":true,"m_FxEnabled":true},"in2DMode":false,"pivot":{"x":601.4246826171875,"y":14.006634712219239,"z":627.9537963867188},"rotation":{"x":0.0071462406776845459,"y":0.9889432787895203,"z":-0.13917121291160584,"w":0.050778839737176898},"size":0.3720048666000366,"orthographic":false}